"image","xmin","ymin","xmax","ymax","label"
"combustible-150-0-a.jpg",1752.3116883116882,938.8051948051948,3405.5064935064934,2625.6623376623374,"Combustible"
"combustible-150-0-b.jpg",817.2467532467532,291.7402597402597,2526.5454545454545,1974.857142857143,"Combustible"
"combustible-150-0-c.jpg",2470.4415584415583,302.961038961039,4202.181818181818,1993.5584415584417,"Combustible"
"combustible-150-0-d.jpg",877.0909090909091,1353.9740259740258,2597.6103896103896,3055.7922077922076,"Combustible"
"combustible-150-0-e.jpg",2567.688311688312,1391.3766233766235,4295.688311688312,3096.935064935065,"Combustible"
"combustible-150-30-a.jpg",2044.051948051948,1028.5714285714284,3282.0779220779223,2453.6103896103896,"Combustible"
"combustible-150-30-b.jpg",1142.6493506493507,493.7142857142857,2403.1168831168834,1881.3506493506493,"Combustible"
"combustible-150-30-c.jpg",2744.2218597063625,387.78212974296207,4008.508972267537,1787.9485924112607,"Combustible"
"combustible-150-30-d.jpg",1153.8701298701299,1522.2857142857142,2414.3376623376626,2932.363636363636,"Combustible"
"combustible-150-30-e.jpg",2848.207792207792,1496.103896103896,4142.337662337663,2928.6233766233763,"Combustible"
"combustible-150-45-a.jpg",2036.5714285714284,957.5064935064935,3072.6233766233763,2240.4155844155844,"Combustible"
"combustible-150-45-b.jpg",1251.1168831168832,568.5194805194805,2219.844155844156,1821.5064935064934,"Combustible"
"combustible-150-45-c.jpg",2949.194805194805,478.75324675324674,3947.844155844156,1742.9610389610389,"Combustible"
"combustible-150-45-d.jpg",1269.8181818181818,1638.2337662337661,2242.285714285714,2887.4805194805194,"Combustible"
"combustible-150-45-e.jpg",2956.6753246753246,1604.5714285714284,3955.3246753246754,2906.181818181818,"Combustible"
"combustible-150-negative-30-a.jpg",1935.5844155844156,1006.1298701298701,3173.6103896103896,2446.12987012987,"Combustible"
"combustible-150-negative-30-b.jpg",1011.7402597402597,430.12987012987014,2302.12987012987,1877.6103896103896,"Combustible"
"combustible-150-negative-30-c.jpg",2814.5454545454545,415.16883116883116,4037.6103896103896,1877.6103896103896,"Combustible"
"combustible-150-negative-30-d.jpg",1101.5064935064934,1484.8831168831168,2343.272727272727,2936.1038961038957,"Combustible"
"combustible-150-negative-30-e.jpg",2818.285714285714,1664.4155844155844,3985.246753246753,3104.4155844155844,"Combustible"
"combustible-150-negative-45-a.jpg",2096.4155844155844,994.9090909090909,3076.363636363636,2502.2337662337663,"Combustible"
"combustible-150-negative-45-b.jpg",1176.3116883116884,366.54545454545456,2167.4805194805194,1903.7922077922078,"Combustible"
"combustible-150-negative-45-c.jpg",2949.194805194805,426.38961038961037,3884.2597402597403,1974.857142857143,"Combustible"
"combustible-150-negative-45-d.jpg",1195.012987012987,1570.9090909090908,2152.5194805194806,3078.233766233766,"Combustible"
"combustible-150-negative-45-e.jpg",2945.4545454545455,1507.3246753246754,3899.220779220779,3070.7532467532465,"Combustible"
"combustible-sunlight-150-0-a.jpg",1868.2597402597403,1028.5714285714284,3289.5584415584417,2449.87012987013,"Combustible"
"combustible-sunlight-150-0-b.jpg",966.8571428571429,407.68831168831167,2429.2987012987014,1858.9090909090908,"Combustible"
"combustible-sunlight-150-0-c.jpg",2627.5324675324673,576,4075.0129870129867,2027.2207792207791,"Combustible"
"combustible-sunlight-150-0-d.jpg",1026.7012987012986,1656.935064935065,2470.4415584415583,3074.493506493506,"Combustible"
"combustible-sunlight-150-0-e.jpg",2691.116883116883,1593.3506493506493,4164.779220779221,3078.233766233766,"Combustible"
"combustible-sunlight-150-30-a.jpg",1920.6233766233765,916.3636363636364,3319.4805194805194,2404.987012987013,"Combustible"
"combustible-sunlight-150-30-b.jpg",1079.064935064935,512.4155844155844,2444.2597402597403,1933.7142857142856,"Combustible"
"combustible-sunlight-150-30-c.jpg",1101.5064935064934,1694.3376623376623,2429.2987012987014,3119.3766233766232,"Combustible"
"combustible-sunlight-150-30-d.jpg",2840.7272727272725,542.3376623376623,4164.779220779221,1971.1168831168832,"Combustible"
"combustible-sunlight-150-30-e.jpg",2687.3766233766232,1623.2727272727273,4041.3506493506493,3055.7922077922076,"Combustible"
"combustible-sunlight-150-45-a.jpg",2021.6103896103896,841.5584415584416,3270.857142857143,2550.8571428571427,"Combustible"
"combustible-sunlight-150-45-b.jpg",1150.1298701298701,273.038961038961,2433.038961038961,1986.0779220779218,"Combustible"
"combustible-sunlight-150-45-c.jpg",1187.5324675324675,1413.8181818181818,2429.2987012987014,3145.5584415584417,"Combustible"
"combustible-sunlight-150-45-d.jpg",2878.12987012987,329.1428571428571,4134.857142857143,2057.142857142857,"Combustible"
"combustible-sunlight-150-45-e.jpg",2878.12987012987,1387.6363636363635,4161.038961038961,3123.116883116883,"Combustible"
"combustible-sunlight-150-negative-30-a.jpg",1890.7012987012986,1137.038961038961,3121.246753246753,2528.4155844155844,"Combustible"
"combustible-sunlight-150-negative-30-b.jpg",1146.3896103896104,508.67532467532465,2354.493506493506,1926.2337662337661,"Combustible"
"combustible-sunlight-150-negative-30-c.jpg",2762.181818181818,482.49350649350646,3981.5064935064934,1922.4935064935064,"Combustible"
"combustible-sunlight-150-negative-30-d.jpg",1052.8831168831168,1548.4675324675325,2298.3896103896104,2954.805194805195,"Combustible"
"combustible-sunlight-150-negative-30-e.jpg",2747.220779220779,1548.4675324675325,4015.1688311688313,3014.6493506493507,"Combustible"
"combustible-sunlight-150-negative-45-a.jpg",2126.337662337662,1185.6623376623377,2952.9350649350645,2386.285714285714,"Combustible"
"combustible-sunlight-150-negative-45-b.jpg",1352.103896103896,587.2207792207793,2178.7012987012986,1825.246753246753,"Combustible"
"combustible-sunlight-150-negative-45-c.jpg",2952.935064935065,523.6363636363636,3798.2337662337663,1791.5844155844156,"Combustible"
"combustible-sunlight-150-negative-45-d.jpg",1251.1168831168832,1720.5194805194806,2107.6363636363635,2980.9870129870133,"Combustible"
"combustible-sunlight-150-negative-45-e.jpg",2990.337662337662,1656.935064935065,3831.896103896104,2928.6233766233763,"Combustible"
"combustible-wood-150-0-a.jpg",1920.6233766233765,1065.974025974026,3267.116883116883,2404.9870129870133,"Combustible"
"combustible-wood-150-0-b.jpg",1131.4285714285713,471.27272727272725,2433.038961038961,1825.246753246753,"Combustible"
"combustible-wood-150-0-c.jpg",2683.6363636363635,605.922077922078,4030.12987012987,1937.4545454545455,"Combustible"
"combustible-wood-150-0-d.jpg",1138.909090909091,1660.6753246753246,2466.7012987012986,3007.1688311688313,"Combustible"
"combustible-wood-150-0-e.jpg",2623.7922077922076,1544.7272727272727,3981.5064935064934,2887.4805194805194,"Combustible"
"combustible-wood-150-30-a.jpg",1913.142857142857,1129.5584415584415,3068.8831168831166,2393.7662337662337,"Combustible"
"combustible-wood-150-30-b.jpg",1243.6363636363635,706.9090909090909,2391.896103896104,1948.6753246753246,"Combustible"
"combustible-wood-150-30-c.jpg",2881.87012987013,639.5844155844155,4060.051948051948,1952.4155844155844,"Combustible"
"combustible-wood-150-30-d.jpg",817.2467532467532,1784.103896103896,1995.4285714285716,3037.090909090909,"Combustible"
"combustible-wood-150-30-e.jpg",3001.5584415584417,1664.4155844155844,4179.74025974026,2939.8441558441555,"Combustible"
"combustible-wood-150-45-a.jpg",2145.038961038961,979.9480519480519,3121.2467532467535,2292.779220779221,"Combustible"
"combustible-wood-150-45-b.jpg",2919.272727272727,564.7792207792207,3921.6623376623374,1885.090909090909,"Combustible"
"combustible-wood-150-45-c.jpg",1531.6363636363635,1627.012987012987,2511.584415584415,2921.142857142857,"Combustible"
"combustible-wood-150-45-d.jpg",2979.116883116883,1241.7662337662337,3947.8441558441555,2550.8571428571427,"Combustible"
"combustible-wood-150-45-e.jpg",1363.3246753246754,407.68831168831167,2474.181818181818,1769.142857142857,"Combustible"
"combustible-wood-150-negative-30-a.jpg",1999.168831168831,1077.1948051948052,3143.688311688312,2330.181818181818,"Combustible"
"combustible-wood-150-negative-30-b.jpg",1142.6493506493507,460.05194805194805,2305.87012987013,1735.4805194805194,"Combustible"
"combustible-wood-150-negative-30-c.jpg",2863.1688311688313,489.97402597402595,4045.090909090909,1784.1038961038962,"Combustible"
"combustible-wood-150-negative-30-d.jpg",1168.8311688311687,1544.7272727272727,2395.6363636363635,2835.1168831168834,"Combustible"
"combustible-wood-150-negative-30-e.jpg",2833.246753246753,1664.4155844155844,4003.9480519480517,2932.363636363636,"Combustible"
"combustible-wood-150-negative-45-a.jpg",1886.9610389610389,897.6623376623377,3087.584415584415,2360.1038961038957,"Combustible"
"combustible-wood-150-negative-45-b.jpg",1172.5714285714284,437.6103896103896,2373.1948051948048,1907.5324675324675,"Combustible"
"combustible-wood-150-negative-45-c.jpg",2743.4805194805194,561.038961038961,3925.402597402597,1986.0779220779218,"Combustible"
"combustible-wood-150-negative-45-d.jpg",1011.7402597402597,1559.6883116883116,2197.402597402597,2984.7272727272725,"Combustible"
"combustible-wood-150-negative-45-e.jpg",2870.6493506493507,1413.8181818181818,4075.0129870129867,2883.7402597402597,"Combustible"
"dangerous-when-wet-150-0-a.jpg",1860.7792207792206,878.961038961039,3435.4285714285716,2491.012987012987,"DangerousWhenWet"
"dangerous-when-wet-150-0-b.jpg",903.2727272727273,385.24675324675326,2519.064935064935,2004.7792207792209,"DangerousWhenWet"
"dangerous-when-wet-150-0-c.jpg",2552.7272727272725,302.961038961039,4164.779220779221,1933.7142857142858,"DangerousWhenWet"
"dangerous-when-wet-150-0-d.jpg",884.5714285714286,1529.7662337662337,2470.4415584415583,3111.896103896104,"DangerousWhenWet"
"dangerous-when-wet-150-0-e.jpg",2687.3766233766232,1518.5454545454545,4273.246753246753,3104.4155844155844,"DangerousWhenWet"
"dangerous-when-wet-150-30-a.jpg",2044.051948051948,1058.4935064935064,3218.4935064935066,2461.090909090909,"DangerousWhenWet"
"dangerous-when-wet-150-30-b.jpg",1168.8311688311687,467.53246753246754,2317.090909090909,1847.6883116883116,"DangerousWhenWet"
"dangerous-when-wet-150-30-c.jpg",2848.207792207792,441.35064935064935,4030.12987012987,1817.7662337662337,"DangerousWhenWet"
"dangerous-when-wet-150-30-d.jpg",1116.4675324675325,1522.2857142857142,2275.948051948052,2876.2597402597403,"DangerousWhenWet"
"dangerous-when-wet-150-30-e.jpg",2866.909090909091,1529.7662337662337,4075.0129870129867,2932.363636363636,"DangerousWhenWet"
"dangerous-when-wet-150-45-a.jpg",2088.935064935065,1099.6363636363635,3009.038961038961,2330.181818181818,"DangerousWhenWet"
"dangerous-when-wet-150-45-b.jpg",1277.2987012987012,523.6363636363636,2174.961038961039,1746.7012987012986,"DangerousWhenWet"
"dangerous-when-wet-150-45-c.jpg",2971.6363636363635,430.12987012987014,3895.4805194805194,1668.155844155844,"DangerousWhenWet"
"dangerous-when-wet-150-45-d.jpg",1307.2207792207791,1720.5194805194806,2216.1038961038957,2962.285714285714,"DangerousWhenWet"
"dangerous-when-wet-150-45-e.jpg",3072.6233766233768,1630.7532467532467,4030.12987012987,2887.4805194805194,"DangerousWhenWet"
"dangerous-when-wet-150-negative-30-a.jpg",1976.7272727272727,1013.6103896103896,3132.4675324675327,2416.2077922077924,"DangerousWhenWet"
"dangerous-when-wet-150-negative-30-b.jpg",1105.2467532467533,482.49350649350646,2275.948051948052,1877.6103896103896,"DangerousWhenWet"
"dangerous-when-wet-150-negative-30-c.jpg",2825.7662337662337,433.87012987012986,3981.5064935064934,1851.4285714285713,"DangerousWhenWet"
"dangerous-when-wet-150-negative-30-d.jpg",1135.168831168831,1540.987012987013,2302.12987012987,2943.5844155844156,"DangerousWhenWet"
"dangerous-when-wet-150-negative-30-e.jpg",2859.4285714285716,1619.5324675324675,3985.2467532467535,3037.090909090909,"DangerousWhenWet"
"dangerous-when-wet-150-negative-45-a.jpg",2096.4155844155844,1047.2727272727273,3042.7012987012986,2528.4155844155844,"DangerousWhenWet"
"dangerous-when-wet-150-negative-45-b.jpg",1243.6363636363635,430.12987012987014,2208.6233766233763,1922.4935064935064,"DangerousWhenWet"
"dangerous-when-wet-150-negative-45-c.jpg",2960.4155844155844,381.5064935064935,3884.2597402597403,1862.6493506493507,"DangerousWhenWet"
"dangerous-when-wet-150-negative-45-d.jpg",1217.4545454545455,1567.168831168831,2163.7402597402597,3040.8311688311687,"DangerousWhenWet"
"dangerous-when-wet-150-negative-45-e.jpg",2934.2337662337663,1582.1298701298701,3880.5194805194806,3052.051948051948,"DangerousWhenWet"
"dangerous-when-wet-sunlight-150-0-a.jpg",1939.3246753246754,1170.7012987012986,3192.311688311688,2401.246753246753,"DangerousWhenWet"
"dangerous-when-wet-sunlight-150-0-b.jpg",1161.3506493506493,531.1168831168831,2418.0779220779223,1772.8831168831166,"DangerousWhenWet"
"dangerous-when-wet-sunlight-150-0-c.jpg",2848.207792207792,576,4078.7532467532465,1817.7662337662337,"DangerousWhenWet"
"dangerous-when-wet-sunlight-150-0-d.jpg",1108.987012987013,1585.8701298701299,2361.974025974026,2816.4155844155844,"DangerousWhenWet"
"dangerous-when-wet-sunlight-150-0-e.jpg",2799.5844155844156,1731.7402597402597,4045.090909090909,2992.2077922077924,"DangerousWhenWet"
"dangerous-when-wet-sunlight-150-30-a.jpg",1984.2077922077922,1043.5324675324675,3252.155844155844,2397.5064935064934,"DangerousWhenWet"
"dangerous-when-wet-sunlight-150-30-b.jpg",1206.2337662337661,527.3766233766233,2421.818181818182,1873.8701298701299,"DangerousWhenWet"
"dangerous-when-wet-sunlight-150-30-c.jpg",2874.3896103896104,561.038961038961,4116.1558441558445,1937.4545454545455,"DangerousWhenWet"
"dangerous-when-wet-sunlight-150-30-d.jpg",1071.5844155844156,1600.8311688311687,2347.0129870129867,2977.246753246753,"DangerousWhenWet"
"dangerous-when-wet-sunlight-150-30-e.jpg",2784.6233766233768,1638.2337662337661,4011.4285714285716,2988.4675324675322,"DangerousWhenWet"
"dangerous-when-wet-sunlight-150-45-a.jpg",2178.7012987012986,957.5064935064935,3222.233766233766,2378.805194805195,"DangerousWhenWet"
"dangerous-when-wet-sunlight-150-45-b.jpg",1183.7922077922078,441.35064935064935,2178.7012987012986,1847.6883116883116,"DangerousWhenWet"
"dangerous-when-wet-sunlight-150-45-c.jpg",2930.4935064935066,493.7142857142857,3929.1428571428573,1873.8701298701299,"DangerousWhenWet"
"dangerous-when-wet-sunlight-150-45-d.jpg",1232.4155844155844,1567.168831168831,2238.5454545454545,2932.363636363636,"DangerousWhenWet"
"dangerous-when-wet-sunlight-150-45-e.jpg",2915.5324675324673,1686.857142857143,3959.0649350649346,3085.714285714286,"DangerousWhenWet"
"dangerous-when-wet-sunlight-150-negative-30-a.jpg",1946.8051948051948,1021.0909090909091,3181.090909090909,2390.025974025974,"DangerousWhenWet"
"dangerous-when-wet-sunlight-150-negative-30-b.jpg",1157.6103896103896,516.1558441558442,2376.935064935065,1881.3506493506493,"DangerousWhenWet"
"dangerous-when-wet-sunlight-150-negative-30-c.jpg",2807.064935064935,426.38961038961037,4033.87012987013,1780.3636363636363,"DangerousWhenWet"
"dangerous-when-wet-sunlight-150-negative-30-d.jpg",1146.3896103896104,1612.051948051948,2425.5584415584417,3007.1688311688313,"DangerousWhenWet"
"dangerous-when-wet-sunlight-150-negative-30-e.jpg",2878.12987012987,1645.7142857142858,4149.818181818182,3059.5324675324673,"DangerousWhenWet"
"dangerous-when-wet-sunlight-150-negative-45-a.jpg",2171.220779220779,1099.6363636363635,3080.1038961038957,2345.142857142857,"DangerousWhenWet"
"dangerous-when-wet-sunlight-150-negative-45-b.jpg",1310.9610389610389,478.75324675324674,2201.142857142857,1731.7402597402597,"DangerousWhenWet"
"dangerous-when-wet-sunlight-150-negative-45-c.jpg",2908.051948051948,456.31168831168833,3843.116883116883,1757.922077922078,"DangerousWhenWet"
"dangerous-when-wet-sunlight-150-negative-45-d.jpg",1247.3766233766235,1634.4935064935064,2197.4025974025976,2906.181818181818,"DangerousWhenWet"
"dangerous-when-wet-sunlight-150-negative-45-e.jpg",2952.935064935065,1724.2597402597403,3869.2987012987014,2999.688311688312,"DangerousWhenWet"
"dangerous-when-wet-wood-150-0-a.jpg",1980.4675324675325,1006.1298701298701,3237.194805194805,2259.1168831168834,"DangerousWhenWet"
"dangerous-when-wet-wood-150-0-b.jpg",1191.2727272727273,501.19480519480516,2433.038961038961,1757.922077922078,"DangerousWhenWet"
"dangerous-when-wet-wood-150-0-c.jpg",1082.8051948051948,1585.8701298701299,2339.5324675324673,2853.818181818182,"DangerousWhenWet"
"dangerous-when-wet-wood-150-0-d.jpg",2773.402597402597,489.97402597402595,4082.493506493506,1787.844155844156,"DangerousWhenWet"
"dangerous-when-wet-wood-150-0-e.jpg",2758.4415584415583,1634.4935064935064,4037.6103896103896,2894.961038961039,"DangerousWhenWet"
"dangerous-when-wet-wood-150-30-a.jpg",1972.987012987013,1065.974025974026,3166.12987012987,2292.779220779221,"DangerousWhenWet"
"dangerous-when-wet-wood-150-30-b.jpg",1168.8311688311687,542.3376623376623,2343.272727272727,1761.6623376623377,"DangerousWhenWet"
"dangerous-when-wet-wood-150-30-c.jpg",2818.285714285714,706.9090909090909,4011.4285714285716,1959.8961038961038,"DangerousWhenWet"
"dangerous-when-wet-wood-150-30-d.jpg",1180.051948051948,1615.7922077922078,2335.7922077922076,2831.3766233766237,"DangerousWhenWet"
"dangerous-when-wet-wood-150-30-e.jpg",2851.9480519480517,1668.155844155844,4060.051948051948,2898.7012987012986,"DangerousWhenWet"
"dangerous-when-wet-wood-150-45-a.jpg",2092.6753246753246,994.9090909090909,3087.5844155844156,2307.7402597402597,"DangerousWhenWet"
"dangerous-when-wet-wood-150-45-b.jpg",1247.3766233766235,437.6103896103896,2238.5454545454545,1772.8831168831168,"DangerousWhenWet"
"dangerous-when-wet-wood-150-45-c.jpg",2975.3766233766232,549.8181818181818,3947.8441558441555,1873.8701298701299,"DangerousWhenWet"
"dangerous-when-wet-wood-150-45-d.jpg",1224.935064935065,1649.4545454545455,2216.103896103896,2951.064935064935,"DangerousWhenWet"
"dangerous-when-wet-wood-150-45-e.jpg",2851.9480519480517,1720.5194805194806,3902.961038961039,3052.051948051948,"DangerousWhenWet"
"dangerous-when-wet-wood-150-negative-30-a.jpg",1991.6883116883116,1129.5584415584415,3065.142857142857,2292.779220779221,"DangerousWhenWet"
"dangerous-when-wet-wood-150-negative-30-b.jpg",1157.6103896103896,590.961038961039,2201.142857142857,1776.6233766233768,"DangerousWhenWet"
"dangerous-when-wet-wood-150-negative-30-c.jpg",3009.038961038961,598.4415584415584,4093.714285714286,1802.8051948051948,"DangerousWhenWet"
"dangerous-when-wet-wood-150-negative-30-d.jpg",1135.168831168831,1683.1168831168832,2182.4415584415583,2876.2597402597403,"DangerousWhenWet"
"dangerous-when-wet-wood-150-negative-30-e.jpg",2848.207792207792,1724.2597402597403,3891.7402597402597,2921.142857142857,"DangerousWhenWet"
"dangerous-when-wet-wood-150-negative-45-a.jpg",2092.6753246753246,905.1428571428571,3136.2077922077924,2296.5194805194806,"DangerousWhenWet"
"dangerous-when-wet-wood-150-negative-45-b.jpg",1262.3376623376623,512.4155844155844,2290.909090909091,1896.3116883116882,"DangerousWhenWet"
"dangerous-when-wet-wood-150-negative-45-c.jpg",2990.337662337662,508.67532467532465,4018.9090909090905,1896.3116883116882,"DangerousWhenWet"
"dangerous-when-wet-wood-150-negative-45-d.jpg",1213.7142857142858,1623.2727272727273,2242.285714285714,2984.727272727273,"DangerousWhenWet"
"dangerous-when-wet-wood-150-negative-45-e.jpg",2915.5324675324673,1615.7922077922078,3944.1038961038957,2999.688311688312,"DangerousWhenWet"
"explosive-150-0-a.jpg",1838.3376623376623,1039.7922077922078,3259.6363636363635,2446.12987012987,"Explosive"
"explosive-150-0-b.jpg",989.2987012987013,516.1558441558442,2448,1944.935064935065,"Explosive"
"explosive-150-0-c.jpg",2795.844155844156,467.53246753246754,4232.103896103896,1926.2337662337661,"Explosive"
"explosive-150-0-d.jpg",1090.2857142857142,1552.2077922077922,2560.2077922077924,3014.6493506493507,"Explosive"
"explosive-150-0-e.jpg",2739.7402597402597,1585.8701298701299,4205.922077922078,3055.7922077922076,"Explosive"
"explosive-150-30-a.jpg",1965.5064935064934,1021.0909090909091,3211.0129870129867,2449.87012987013,"Explosive"
"explosive-150-30-b.jpg",1135.168831168831,426.38961038961037,2384.4155844155844,1862.6493506493507,"Explosive"
"explosive-150-30-c.jpg",2807.064935064935,377.76623376623377,4045.090909090909,1821.5064935064934,"Explosive"
"explosive-150-30-d.jpg",1172.5714285714284,1511.064935064935,2376.9350649350645,2902.4415584415583,"Explosive"
"explosive-150-30-e.jpg",2739.7402597402597,1552.2077922077922,3974.025974025974,2954.805194805195,"Explosive"
"explosive-150-45-a.jpg",2212.3636363636365,998.6493506493506,3147.4285714285716,2259.116883116883,"Explosive"
"explosive-150-45-b.jpg",1292.2597402597403,478.75324675324674,2231.064935064935,1739.2207792207791,"Explosive"
"explosive-150-45-c.jpg",2971.6363636363635,534.8571428571429,3917.9220779220777,1814.025974025974,"Explosive"
"explosive-150-45-d.jpg",1352.103896103896,1526.025974025974,2275.9480519480517,2782.7532467532465,"Explosive"
"explosive-150-45-e.jpg",2923.0129870129867,1630.7532467532467,3906.7012987012986,2913.6623376623374,"Explosive"
"explosive-150-negative-30-a.jpg",1800.935064935065,931.3246753246754,3323.220779220779,2569.5584415584417,"Explosive"
"explosive-150-negative-30-b.jpg",993.038961038961,340.3636363636364,2515.3246753246754,1989.818181818182,"Explosive"
"explosive-150-negative-30-c.jpg",2851.9480519480517,377.76623376623377,4359.272727272727,2034.7012987012986,"Explosive"
"explosive-150-negative-30-d.jpg",1086.5454545454545,1368.935064935065,2612.5714285714284,3029.6103896103896,"Explosive"
"explosive-150-negative-30-e.jpg",2777.142857142857,1361.4545454545455,4303.16883116883,3044.5714285714284,"Explosive"
"explosive-150-negative-45-a.jpg",2006.6493506493507,920.1038961038961,3050.181818181818,2393.7662337662337,"Explosive"
"explosive-150-negative-45-b.jpg",1183.7922077922078,463.79220779220776,2238.5454545454545,1974.857142857143,"Explosive"
"explosive-150-negative-45-c.jpg",2829.5064935064934,347.84415584415586,3828.155844155844,1866.3896103896104,"Explosive"
"explosive-150-negative-45-d.jpg",1198.7532467532467,1499.844155844156,2223.584415584415,2962.285714285714,"Explosive"
"explosive-150-negative-45-e.jpg",2866.909090909091,1477.4025974025974,3861.818181818182,2977.2467532467535,"Explosive"
"explosive-sunlight-150-0-a.jpg",1969.2467532467533,1099.6363636363635,3244.6753246753246,2352.6233766233763,"Explosive"
"explosive-sunlight-150-0-b.jpg",1135.168831168831,486.23376623376623,2414.337662337662,1769.1428571428573,"Explosive"
"explosive-sunlight-150-0-c.jpg",1135.168831168831,1641.9740259740258,2459.220779220779,2936.1038961038957,"Explosive"
"explosive-sunlight-150-0-d.jpg",2825.7662337662337,482.49350649350646,4101.194805194805,1761.6623376623374,"Explosive"
"explosive-sunlight-150-0-e.jpg",2829.5064935064934,1679.3766233766232,4149.818181818182,2954.8051948051943,"Explosive"
"explosive-sunlight-150-30-a.jpg",2100.155844155844,1047.2727272727273,3240.935064935065,2341.402597402597,"Explosive"
"explosive-sunlight-150-30-b.jpg",1209.9740259740258,497.45454545454544,2376.9350649350645,1832.7272727272727,"Explosive"
"explosive-sunlight-150-30-c.jpg",1209.9740259740258,1600.8311688311687,2414.337662337662,2917.402597402597,"Explosive"
"explosive-sunlight-150-30-d.jpg",2878.12987012987,680.7272727272727,4089.974025974026,2012.2597402597403,"Explosive"
"explosive-sunlight-150-30-e.jpg",3009.038961038961,1653.1948051948052,4190.961038961039,2958.5454545454545,"Explosive"
"explosive-sunlight-150-45-a.jpg",2193.6623376623374,1159.4805194805194,3349.402597402597,2610.7012987012986,"Explosive"
"explosive-sunlight-150-45-b.jpg",1292.2597402597403,388.987012987013,2406.857142857143,1821.5064935064936,"Explosive"
"explosive-sunlight-150-45-c.jpg",1116.4675324675325,1529.7662337662337,2253.5064935064934,3003.4285714285716,"Explosive"
"explosive-sunlight-150-45-d.jpg",2934.2337662337663,1593.3506493506493,4116.1558441558445,3059.5324675324673,"Explosive"
"explosive-sunlight-150-45-e.jpg",2855.688311688312,534.8571428571429,4112.415584415585,2083.3246753246754,"Explosive"
"explosive-sunlight-150-negative-30-a.jpg",2077.714285714286,1065.974025974026,3121.2467532467535,2300.2597402597403,"Explosive"
"explosive-sunlight-150-negative-30-b.jpg",1138.909090909091,448.83116883116884,2171.220779220779,1660.6753246753246,"Explosive"
"explosive-sunlight-150-negative-30-c.jpg",1150.1298701298701,1574.6493506493507,2219.844155844156,2801.4545454545455,"Explosive"
"explosive-sunlight-150-negative-30-d.jpg",2900.5714285714284,1641.9740259740258,3959.0649350649346,2894.961038961039,"Explosive"
"explosive-sunlight-150-negative-30-e.jpg",2915.5324675324673,403.94805194805195,3951.584415584415,1653.1948051948052,"Explosive"
"explosive-sunlight-150-negative-45-a.jpg",2137.5584415584417,1122.077922077922,3009.038961038961,2404.9870129870133,"Explosive"
"explosive-sunlight-150-negative-45-b.jpg",1277.2987012987012,594.7012987012987,2174.961038961039,1847.6883116883118,"Explosive"
"explosive-sunlight-150-negative-45-c.jpg",2937.974025974026,553.5584415584416,3805.714285714286,1817.7662337662337,"Explosive"
"explosive-sunlight-150-negative-45-d.jpg",1296,1735.4805194805194,2197.402597402597,2984.727272727273,"Explosive"
"explosive-sunlight-150-negative-45-e.jpg",3065.142857142857,1653.1948051948052,3951.584415584415,2936.103896103896,"Explosive"
"explosive-wood-150-0-a.jpg",1961.7662337662337,1200.6233766233765,3192.311688311688,2419.948051948052,"Explosive"
"explosive-wood-150-0-b.jpg",1127.6883116883116,628.3636363636364,2369.454545454545,1855.1688311688313,"Explosive"
"explosive-wood-150-0-c.jpg",2818.285714285714,564.7792207792207,4041.3506493506493,1821.5064935064934,"Explosive"
"explosive-wood-150-0-d.jpg",1221.1948051948052,1828.987012987013,2429.2987012987014,3078.2337662337663,"Explosive"
"explosive-wood-150-0-e.jpg",2721.038961038961,1668.155844155844,3962.805194805195,2924.8831168831166,"Explosive"
"explosive-wood-150-30-a.jpg",1916.8831168831168,1144.5194805194806,3117.5064935064934,2423.688311688312,"Explosive"
"explosive-wood-150-30-b.jpg",1127.6883116883116,662.025974025974,2358.233766233766,1956.155844155844,"Explosive"
"explosive-wood-150-30-c.jpg",2829.5064935064934,430.12987012987014,4037.6103896103896,1742.9610389610389,"Explosive"
"explosive-wood-150-30-d.jpg",1172.5714285714284,1952.4155844155844,2391.896103896104,3239.064935064935,"Explosive"
"explosive-wood-150-30-e.jpg",2728.5194805194806,1735.4805194805194,3955.3246753246754,3033.3506493506493,"Explosive"
"explosive-wood-150-45-a.jpg",2246.025974025974,983.6883116883116,3225.9740259740256,2404.987012987013,"Explosive"
"explosive-wood-150-45-b.jpg",1344.6233766233765,437.6103896103896,2294.6493506493507,1858.9090909090908,"Explosive"
"explosive-wood-150-45-c.jpg",2810.805194805195,448.83116883116884,3843.1168831168834,1873.8701298701299,"Explosive"
"explosive-wood-150-45-d.jpg",1258.5974025974026,1656.935064935065,2264.727272727273,3081.9740259740256,"Explosive"
"explosive-wood-150-45-e.jpg",3304.5194805194806,1406.3376623376623,4359.272727272727,2812.6753246753246,"Explosive"
"explosive-wood-150-negative-30-a.jpg",2044.051948051948,1170.7012987012986,3128.727272727273,2356.363636363636,"Explosive"
"explosive-wood-150-negative-30-b.jpg",1254.857142857143,617.1428571428571,2253.5064935064934,1735.4805194805194,"Explosive"
"explosive-wood-150-negative-30-c.jpg",2960.4155844155844,635.8441558441558,3966.5454545454545,1806.5454545454545,"Explosive"
"explosive-wood-150-negative-30-d.jpg",1120.2077922077922,1432.5194805194806,2171.220779220779,2621.9220779220777,"Explosive"
"explosive-wood-150-negative-30-e.jpg",2754.7012987012986,1795.3246753246754,3813.1948051948048,2977.2467532467535,"Explosive"
"explosive-wood-150-negative-45-a.jpg",1905.6623376623377,1088.4155844155844,3117.506493506494,2558.3376623376626,"Explosive"
"explosive-wood-150-negative-45-b.jpg",1030.4415584415585,388.987012987013,2242.2857142857147,1828.987012987013,"Explosive"
"explosive-wood-150-negative-45-c.jpg",2829.5064935064934,422.64935064935065,4037.6103896103896,1866.3896103896104,"Explosive"
"explosive-wood-150-negative-45-d.jpg",1131.4285714285713,1660.6753246753246,2317.090909090909,3085.7142857142853,"Explosive"
"explosive-wood-150-negative-45-e.jpg",2784.6233766233768,1701.8181818181818,4022.6493506493507,3115.6363636363635,"Explosive"
"flamable-liquid-150-0-a.jpg",1756.051948051948,860.2597402597403,3338.181818181818,2461.090909090909,"FlamableLiquid"
"flamable-liquid-150-0-b.jpg",1086.5454545454545,347.84415584415586,2683.6363636363635,1937.4545454545455,"FlamableLiquid"
"flamable-liquid-150-0-c.jpg",2590.12987012987,347.84415584415586,4224.623376623376,1989.8181818181818,"FlamableLiquid"
"flamable-liquid-150-0-d.jpg",933.1948051948052,1514.8051948051948,2545.2467532467535,3156.779220779221,"FlamableLiquid"
"flamable-liquid-150-0-e.jpg",2545.246753246753,1462.4415584415583,4157.298701298701,3145.5584415584417,"FlamableLiquid"
"flamable-liquid-150-30-a.jpg",1987.948051948052,1017.3506493506493,3199.7922077922076,2446.12987012987,"FlamableLiquid"
"flamable-liquid-150-30-b.jpg",1202.4935064935064,433.87012987012986,2373.1948051948048,1847.6883116883116,"FlamableLiquid"
"flamable-liquid-150-30-c.jpg",2896.8311688311687,497.45454545454544,4082.493506493506,1907.5324675324675,"FlamableLiquid"
"flamable-liquid-150-30-d.jpg",1195.012987012987,1526.025974025974,2388.155844155844,2913.6623376623374,"FlamableLiquid"
"flamable-liquid-150-30-e.jpg",2807.064935064935,1522.2857142857142,4022.6493506493507,2928.6233766233763,"FlamableLiquid"
"flamable-liquid-150-45-a.jpg",2130.077922077922,983.6883116883116,3087.584415584415,2274.0779220779223,"FlamableLiquid"
"flamable-liquid-150-45-b.jpg",1355.844155844156,538.5974025974026,2313.3506493506493,1836.4675324675325,"FlamableLiquid"
"flamable-liquid-150-45-c.jpg",2923.0129870129867,564.7792207792207,3902.961038961039,1892.5714285714284,"FlamableLiquid"
"flamable-liquid-150-45-d.jpg",1389.5064935064934,1627.012987012987,2328.311688311688,2936.1038961038957,"FlamableLiquid"
"flamable-liquid-150-45-e.jpg",2986.5974025974024,1589.6103896103896,3955.324675324675,2906.181818181818,"FlamableLiquid"
"flamable-liquid-150-negative-30-a.jpg",1920.6233766233765,976.2077922077922,3229.7142857142853,2491.0129870129867,"FlamableLiquid"
"flamable-liquid-150-negative-30-b.jpg",1116.4675324675325,418.9090909090909,2429.2987012987014,1941.1948051948052,"FlamableLiquid"
"flamable-liquid-150-negative-30-c.jpg",2717.2987012987014,362.8051948051948,4000.2077922077924,1922.4935064935064,"FlamableLiquid"
"flamable-liquid-150-negative-30-d.jpg",1034.1818181818182,1458.7012987012986,2347.0129870129867,2973.5064935064934,"FlamableLiquid"
"flamable-liquid-150-negative-30-e.jpg",2709.8181818181815,1559.6883116883116,3992.7272727272725,3059.5324675324673,"FlamableLiquid"
"flamable-liquid-150-negative-45-a.jpg",2029.090909090909,931.3246753246754,3068.8831168831166,2502.233766233766,"FlamableLiquid"
"flamable-liquid-150-negative-45-b.jpg",1045.4025974025974,467.53246753246754,2103.896103896104,1986.077922077922,"FlamableLiquid"
"flamable-liquid-150-negative-45-c.jpg",2829.5064935064934,359.06493506493507,3839.3766233766232,1881.3506493506493,"FlamableLiquid"
"flamable-liquid-150-negative-45-d.jpg",1161.3506493506493,1529.7662337662337,2193.6623376623374,3007.1688311688313,"FlamableLiquid"
"flamable-liquid-150-negative-45-e.jpg",2836.987012987013,1380.155844155844,3809.454545454545,2894.961038961039,"FlamableLiquid"
"flamable-liquid-sunlight-150-0-a.jpg",1857.038961038961,1039.7922077922078,3132.4675324675322,2360.103896103896,"FlamableLiquid"
"flamable-liquid-sunlight-150-0-b.jpg",1026.7012987012986,355.3246753246753,2328.311688311688,1694.3376623376623,"FlamableLiquid"
"flamable-liquid-sunlight-150-0-c.jpg",1060.3636363636363,1623.2727272727273,2373.1948051948048,2947.3246753246754,"FlamableLiquid"
"flamable-liquid-sunlight-150-0-d.jpg",2803.3246753246754,452.57142857142856,4101.194805194806,1810.2857142857142,"FlamableLiquid"
"flamable-liquid-sunlight-150-0-e.jpg",2724.779220779221,1705.5584415584415,4048.8311688311687,3018.3896103896104,"FlamableLiquid"
"flamable-liquid-sunlight-150-30-a.jpg",1958.025974025974,792.9350649350649,3214.7532467532465,2333.9220779220777,"FlamableLiquid"
"flamable-liquid-sunlight-150-30-b.jpg",1161.3506493506493,407.68831168831167,2410.597402597403,1918.7532467532467,"FlamableLiquid"
"flamable-liquid-sunlight-150-30-c.jpg",2833.246753246753,441.35064935064935,4071.272727272727,1963.6363636363635,"FlamableLiquid"
"flamable-liquid-sunlight-150-30-d.jpg",1195.012987012987,1540.987012987013,2414.3376623376626,3052.051948051948,"FlamableLiquid"
"flamable-liquid-sunlight-150-30-e.jpg",3027.7402597402597,1578.3896103896104,4280.727272727273,3063.272727272727,"FlamableLiquid"
"flamable-liquid-sunlight-150-45-a.jpg",2002.9090909090908,901.4025974025974,3188.5714285714284,2539.6363636363635,"FlamableLiquid"
"flamable-liquid-sunlight-150-45-b.jpg",1146.3896103896104,190.75324675324674,2320.8311688311687,1836.4675324675325,"FlamableLiquid"
"flamable-liquid-sunlight-150-45-c.jpg",2870.6493506493507,243.11688311688312,4075.0129870129867,1911.2727272727273,"FlamableLiquid"
"flamable-liquid-sunlight-150-45-d.jpg",1172.5714285714284,1660.6753246753246,2350.7532467532465,3302.6493506493507,"FlamableLiquid"
"flamable-liquid-sunlight-150-45-e.jpg",2866.909090909091,1335.2727272727273,4078.753246753247,3003.4285714285716,"FlamableLiquid"
"flamable-liquid-sunlight-150-negative-30-a.jpg",1901.922077922078,1215.5844155844156,3035.220779220779,2509.714285714286,"FlamableLiquid"
"flamable-liquid-sunlight-150-negative-30-b.jpg",1138.909090909091,583.4805194805194,2309.6103896103896,1900.0519480519479,"FlamableLiquid"
"flamable-liquid-sunlight-150-negative-30-c.jpg",2885.6103896103896,650.8051948051948,4007.688311688312,1963.6363636363635,"FlamableLiquid"
"flamable-liquid-sunlight-150-negative-30-d.jpg",1135.168831168831,1705.5584415584415,2305.87012987013,3022.12987012987,"FlamableLiquid"
"flamable-liquid-sunlight-150-negative-30-e.jpg",2814.5454545454545,1683.1168831168832,3988.9870129870133,3029.6103896103896,"FlamableLiquid"
"flamable-liquid-sunlight-150-negative-45-a.jpg",2100.155844155844,1092.155844155844,2956.6753246753246,2348.8831168831166,"FlamableLiquid"
"flamable-liquid-sunlight-150-negative-45-b.jpg",1333.4025974025974,516.1558441558442,2238.5454545454545,1806.5454545454545,"FlamableLiquid"
"flamable-liquid-sunlight-150-negative-45-c.jpg",2750.961038961039,460.05194805194805,3656.1038961038957,1780.3636363636365,"FlamableLiquid"
"flamable-liquid-sunlight-150-negative-45-d.jpg",1251.1168831168832,1649.4545454545455,2189.9220779220777,2995.948051948052,"FlamableLiquid"
"flamable-liquid-sunlight-150-negative-45-e.jpg",2769.6623376623374,1724.2597402597403,3697.246753246753,3093.194805194805,"FlamableLiquid"
"flamable-liquid-wood-150-0-a.jpg",1954.2857142857142,961.2467532467532,3282.0779220779223,2304,"FlamableLiquid"
"flamable-liquid-wood-150-0-b.jpg",1101.5064935064934,460.05194805194805,2425.5584415584417,1806.5454545454545,"FlamableLiquid"
"flamable-liquid-wood-150-0-c.jpg",2900.5714285714284,437.6103896103896,4168.519480519481,1769.142857142857,"FlamableLiquid"
"flamable-liquid-wood-150-0-d.jpg",921.974025974026,1155.7402597402597,2253.5064935064934,2539.6363636363635,"FlamableLiquid"
"flamable-liquid-wood-150-0-e.jpg",2635.0129870129867,1511.064935064935,3966.545454545454,2876.2597402597403,"FlamableLiquid"
"flamable-liquid-wood-150-30-a.jpg",2014.1298701298701,1077.1948051948052,3300.779220779221,2461.090909090909,"FlamableLiquid"
"flamable-liquid-wood-150-30-b.jpg",1108.987012987013,452.57142857142856,2365.714285714286,1799.064935064935,"FlamableLiquid"
"flamable-liquid-wood-150-30-c.jpg",2923.0129870129867,572.2597402597403,4187.220779220779,1959.8961038961038,"FlamableLiquid"
"flamable-liquid-wood-150-30-d.jpg",1026.7012987012986,1511.064935064935,2294.6493506493507,2880,"FlamableLiquid"
"flamable-liquid-wood-150-30-e.jpg",2747.220779220779,1619.5324675324675,4018.909090909091,2973.5064935064934,"FlamableLiquid"
"flamable-liquid-wood-150-45-a.jpg",2111.3766233766232,1039.7922077922078,3113.7662337662337,2419.948051948052,"FlamableLiquid"
"flamable-liquid-wood-150-45-b.jpg",1266.077922077922,504.93506493506493,2246.025974025974,1892.5714285714284,"FlamableLiquid"
"flamable-liquid-wood-150-45-c.jpg",2960.4155844155844,605.922077922078,3951.5844155844156,1989.8181818181818,"FlamableLiquid"
"flamable-liquid-wood-150-45-d.jpg",1296,1608.3116883116884,2298.3896103896104,2999.688311688312,"FlamableLiquid"
"flamable-liquid-wood-150-45-e.jpg",2994.077922077922,1724.2597402597403,4018.9090909090905,3078.233766233766,"FlamableLiquid"
"flamable-liquid-wood-150-negative-30-a.jpg",1804.6753246753246,1073.4545454545455,3106.285714285714,2419.948051948052,"FlamableLiquid"
"flamable-liquid-wood-150-negative-30-b.jpg",1026.7012987012986,351.5844155844156,2347.0129870129867,1735.4805194805194,"FlamableLiquid"
"flamable-liquid-wood-150-negative-30-c.jpg",2694.8571428571427,583.4805194805194,3981.5064935064934,1974.857142857143,"FlamableLiquid"
"flamable-liquid-wood-150-negative-30-d.jpg",981.8181818181818,1757.922077922078,2290.909090909091,3115.636363636364,"FlamableLiquid"
"flamable-liquid-wood-150-negative-30-e.jpg",2736,1701.8181818181818,4015.1688311688313,3089.454545454545,"FlamableLiquid"
"flamable-liquid-wood-150-negative-45-a.jpg",1913.142857142857,878.961038961039,3061.402597402597,2367.5844155844156,"FlamableLiquid"
"flamable-liquid-wood-150-negative-45-b.jpg",1097.7662337662337,336.6233766233766,2279.688311688312,1828.9870129870128,"FlamableLiquid"
"flamable-liquid-wood-150-negative-45-c.jpg",1127.6883116883116,1488.6233766233765,2365.7142857142853,2984.7272727272725,"FlamableLiquid"
"flamable-liquid-wood-150-negative-45-d.jpg",2878.12987012987,523.6363636363636,3959.064935064935,1911.272727272727,"FlamableLiquid"
"flamable-liquid-wood-150-negative-45-e.jpg",2915.5324675324673,1484.8831168831168,4015.168831168831,2868.779220779221,"FlamableLiquid"
"non-flamable-gas-150-0-a.jpg",1815.8961038961038,916.3636363636364,3383.0649350649346,2494.753246753247,"NonFlamableGas"
"non-flamable-gas-150-0-b.jpg",910.7532467532467,299.2207792207792,2519.064935064935,1877.6103896103896,"NonFlamableGas"
"non-flamable-gas-150-0-c.jpg",2713.5584415584417,332.8831168831169,4284.467532467533,1929.9740259740258,"NonFlamableGas"
"non-flamable-gas-150-0-d.jpg",948.1558441558441,1507.3246753246754,2515.324675324675,3104.4155844155844,"NonFlamableGas"
"non-flamable-gas-150-0-e.jpg",2620.051948051948,1473.6623376623377,4190.961038961039,3067.0129870129867,"NonFlamableGas"
"non-flamable-gas-150-30-a.jpg",2025.3506493506493,1024.8311688311687,3263.3766233766232,2468.5714285714284,"NonFlamableGas"
"non-flamable-gas-150-30-b.jpg",1157.6103896103896,482.49350649350646,2358.233766233766,1911.2727272727273,"NonFlamableGas"
"non-flamable-gas-150-30-c.jpg",2919.272727272727,471.27272727272725,4101.194805194805,1896.3116883116882,"NonFlamableGas"
"non-flamable-gas-150-30-d.jpg",1150.1298701298701,1514.8051948051948,2328.311688311688,2984.727272727273,"NonFlamableGas"
"non-flamable-gas-150-30-e.jpg",2836.987012987013,1615.7922077922078,4048.8311688311687,3081.974025974026,"NonFlamableGas"
"non-flamable-gas-150-45-a.jpg",2189.9220779220777,1065.974025974026,3117.5064935064934,2386.2857142857147,"NonFlamableGas"
"non-flamable-gas-150-45-b.jpg",1337.142857142857,508.67532467532465,2219.844155844156,1765.4025974025974,"NonFlamableGas"
"non-flamable-gas-150-45-c.jpg",2994.077922077922,587.2207792207793,3914.181818181818,1825.246753246753,"NonFlamableGas"
"non-flamable-gas-150-45-d.jpg",1307.2207792207791,1582.1298701298701,2234.805194805195,2846.3376623376626,"NonFlamableGas"
"non-flamable-gas-150-45-e.jpg",3005.2987012987014,1645.7142857142858,3929.1428571428573,2891.220779220779,"NonFlamableGas"
"non-flamable-gas-150-negative-30-a.jpg",1958.025974025974,1017.3506493506493,3158.6493506493507,2449.87012987013,"NonFlamableGas"
"non-flamable-gas-150-negative-30-b.jpg",1090.2857142857142,422.64935064935065,2290.909090909091,1851.4285714285716,"NonFlamableGas"
"non-flamable-gas-150-negative-30-c.jpg",2784.6233766233768,426.38961038961037,3962.8051948051952,1900.051948051948,"NonFlamableGas"
"non-flamable-gas-150-negative-30-d.jpg",1108.987012987013,1585.8701298701299,2264.727272727273,2984.727272727273,"NonFlamableGas"
"non-flamable-gas-150-negative-30-e.jpg",2840.7272727272725,1563.4285714285713,3977.766233766233,2992.2077922077924,"NonFlamableGas"
"non-flamable-gas-150-negative-45-a.jpg",2077.714285714286,1021.0909090909091,3087.5844155844156,2491.012987012987,"NonFlamableGas"
"non-flamable-gas-150-negative-45-b.jpg",1168.8311688311687,516.1558441558442,2197.402597402597,2030.9610389610389,"NonFlamableGas"
"non-flamable-gas-150-negative-45-c.jpg",2926.753246753247,478.75324675324674,3906.7012987012986,1982.3376623376623,"NonFlamableGas"
"non-flamable-gas-150-negative-45-d.jpg",1206.2337662337661,1567.168831168831,2227.3246753246754,3037.090909090909,"NonFlamableGas"
"non-flamable-gas-150-negative-45-e.jpg",2893.090909090909,1518.5454545454545,3880.5194805194806,3025.87012987013,"NonFlamableGas"
"non-flamable-gas-sunlight-150-0-a.jpg",1886.9610389610389,961.2467532467532,3237.1948051948048,2311.4805194805194,"NonFlamableGas"
"non-flamable-gas-sunlight-150-0-b.jpg",1071.5844155844156,445.09090909090907,2421.818181818182,1780.3636363636363,"NonFlamableGas"
"non-flamable-gas-sunlight-150-0-c.jpg",2608.8311688311687,482.49350649350646,3947.8441558441555,1851.4285714285713,"NonFlamableGas"
"non-flamable-gas-sunlight-150-0-d.jpg",1123.948051948052,1627.012987012987,2455.4805194805194,2943.584415584415,"NonFlamableGas"
"non-flamable-gas-sunlight-150-0-e.jpg",2747.220779220779,1728,4082.493506493506,3040.8311688311687,"NonFlamableGas"
"non-flamable-gas-sunlight-150-30-a.jpg",2010.3896103896104,953.7662337662338,3282.0779220779223,2289.038961038961,"NonFlamableGas"
"non-flamable-gas-sunlight-150-30-b.jpg",1097.7662337662337,336.6233766233766,2324.5714285714284,1739.2207792207791,"NonFlamableGas"
"non-flamable-gas-sunlight-150-30-c.jpg",2788.3636363636365,415.16883116883116,4067.5324675324673,1787.844155844156,"NonFlamableGas"
"non-flamable-gas-sunlight-150-30-d.jpg",1120.2077922077922,1615.7922077922078,2373.194805194805,2966.025974025974,"NonFlamableGas"
"non-flamable-gas-sunlight-150-30-e.jpg",2747.220779220779,1559.6883116883116,4030.12987012987,2909.9220779220777,"NonFlamableGas"
"non-flamable-gas-sunlight-150-45-a.jpg",2148.779220779221,964.9870129870129,3136.2077922077924,2322.7012987012986,"NonFlamableGas"
"non-flamable-gas-sunlight-150-45-b.jpg",1236.155844155844,385.24675324675326,2216.1038961038957,1690.5974025974026,"NonFlamableGas"
"non-flamable-gas-sunlight-150-45-c.jpg",2997.8181818181815,355.3246753246753,4000.207792207792,1686.857142857143,"NonFlamableGas"
"non-flamable-gas-sunlight-150-45-d.jpg",1352.103896103896,1537.2467532467533,2320.8311688311687,2868.779220779221,"NonFlamableGas"
"non-flamable-gas-sunlight-150-45-e.jpg",2952.935064935065,1578.3896103896104,3966.5454545454545,2913.6623376623374,"NonFlamableGas"
"non-flamable-gas-sunlight-150-negative-30-a.jpg",1901.922077922078,976.2077922077922,3132.4675324675327,2367.5844155844156,"NonFlamableGas"
"non-flamable-gas-sunlight-150-negative-30-b.jpg",1041.6623376623377,486.23376623376623,2294.6493506493507,1870.1298701298701,"NonFlamableGas"
"non-flamable-gas-sunlight-150-negative-30-c.jpg",2769.6623376623374,527.3766233766233,3981.5064935064934,1888.8311688311687,"NonFlamableGas"
"non-flamable-gas-sunlight-150-negative-30-d.jpg",1011.7402597402597,1668.155844155844,2264.727272727273,3067.0129870129867,"NonFlamableGas"
"non-flamable-gas-sunlight-150-negative-30-e.jpg",2713.5584415584417,1608.3116883116884,3947.844155844156,2954.805194805195,"NonFlamableGas"
"non-flamable-gas-sunlight-150-negative-45-a.jpg",2092.6753246753246,1069.7142857142858,3001.5584415584417,2337.6623376623374,"NonFlamableGas"
"non-flamable-gas-sunlight-150-negative-45-b.jpg",1329.6623376623377,452.57142857142856,2223.5844155844156,1724.2597402597403,"NonFlamableGas"
"non-flamable-gas-sunlight-150-negative-45-c.jpg",2915.5324675324673,336.6233766233766,3816.9350649350645,1649.4545454545453,"NonFlamableGas"
"non-flamable-gas-sunlight-150-negative-45-d.jpg",1367.064935064935,1563.4285714285713,2264.727272727273,2838.8571428571427,"NonFlamableGas"
"non-flamable-gas-sunlight-150-negative-45-e.jpg",2971.6363636363635,1716.7792207792209,3884.2597402597403,2988.4675324675327,"NonFlamableGas"
"non-flamable-gas-wood-150-0-a.jpg",1894.4415584415583,1024.8311688311687,3188.5714285714284,2360.1038961038957,"NonFlamableGas"
"non-flamable-gas-wood-150-0-b.jpg",974.3376623376623,531.1168831168831,2260.9870129870133,1855.1688311688313,"NonFlamableGas"
"non-flamable-gas-wood-150-0-c.jpg",2799.5844155844156,448.83116883116884,4108.675324675325,1795.3246753246754,"NonFlamableGas"
"non-flamable-gas-wood-150-0-d.jpg",1082.8051948051948,1675.6363636363635,2373.194805194805,2966.025974025974,"NonFlamableGas"
"non-flamable-gas-wood-150-0-e.jpg",2803.3246753246754,1597.090909090909,4127.376623376624,2932.363636363636,"NonFlamableGas"
"non-flamable-gas-wood-150-30-a.jpg",1879.4805194805194,1099.6363636363635,3139.948051948052,2431.1688311688313,"NonFlamableGas"
"non-flamable-gas-wood-150-30-b.jpg",1056.6233766233765,403.94805194805195,2339.5324675324673,1735.4805194805194,"NonFlamableGas"
"non-flamable-gas-wood-150-30-c.jpg",2736,590.961038961039,3988.9870129870133,1911.2727272727275,"NonFlamableGas"
"non-flamable-gas-wood-150-30-d.jpg",1198.7532467532467,1518.5454545454545,2429.2987012987014,2857.5584415584417,"NonFlamableGas"
"non-flamable-gas-wood-150-30-e.jpg",2874.3896103896104,1683.1168831168832,4116.1558441558445,2992.2077922077924,"NonFlamableGas"
"non-flamable-gas-wood-150-45-a.jpg",2070.2337662337663,991.1688311688312,3136.2077922077924,2386.285714285714,"NonFlamableGas"
"non-flamable-gas-wood-150-45-b.jpg",1243.6363636363635,433.87012987012986,2249.7662337662337,1843.948051948052,"NonFlamableGas"
"non-flamable-gas-wood-150-45-c.jpg",2893.090909090909,564.7792207792207,3970.285714285714,1978.5974025974024,"NonFlamableGas"
"non-flamable-gas-wood-150-45-d.jpg",1348.3636363636363,1604.5714285714284,2339.5324675324673,2980.987012987013,"NonFlamableGas"
"non-flamable-gas-wood-150-45-e.jpg",2908.051948051948,1402.5974025974026,3925.402597402597,2805.194805194805,"NonFlamableGas"
"non-flamable-gas-wood-150-negative-30-a.jpg",2073.974025974026,1077.1948051948052,3154.909090909091,2390.025974025974,"NonFlamableGas"
"non-flamable-gas-wood-150-negative-30-b.jpg",1284.7792207792209,549.8181818181818,2365.714285714286,1858.9090909090908,"NonFlamableGas"
"non-flamable-gas-wood-150-negative-30-c.jpg",2896.8311688311687,568.5194805194805,3959.0649350649346,1892.5714285714284,"NonFlamableGas"
"non-flamable-gas-wood-150-negative-30-d.jpg",1344.6233766233765,1641.9740259740258,2418.0779220779223,2906.181818181818,"NonFlamableGas"
"non-flamable-gas-wood-150-negative-30-e.jpg",2949.194805194805,1570.9090909090908,4041.3506493506493,2842.5974025974024,"NonFlamableGas"
"non-flamable-gas-wood-150-negative-45-a.jpg",2002.9090909090908,1054.7532467532467,3139.9480519480517,2446.12987012987,"NonFlamableGas"
"non-flamable-gas-wood-150-negative-45-b.jpg",880.8311688311688,504.93506493506493,2081.4545454545455,1900.051948051948,"NonFlamableGas"
"non-flamable-gas-wood-150-negative-45-c.jpg",2900.5714285714284,557.2987012987013,4067.5324675324673,1971.116883116883,"NonFlamableGas"
"non-flamable-gas-wood-150-negative-45-d.jpg",1075.3246753246754,1705.5584415584415,2231.064935064935,3104.4155844155844,"NonFlamableGas"
"non-flamable-gas-wood-150-negative-45-e.jpg",2952.935064935065,1701.8181818181818,4078.7532467532465,3089.454545454545,"NonFlamableGas"
"organic-peroxide-150-0-a.jpg",1883.2207792207791,1013.6103896103896,3450.3896103896104,2588.2597402597403,"OrganicPeroxide"
"organic-peroxide-150-0-b.jpg",933.1948051948052,460.05194805194805,2507.844155844156,2038.4415584415585,"OrganicPeroxide"
"organic-peroxide-150-0-c.jpg",2560.207792207792,362.8051948051948,4183.480519480519,1941.1948051948052,"OrganicPeroxide"
"organic-peroxide-150-0-d.jpg",918.2337662337662,1511.064935064935,2530.285714285714,3111.896103896104,"OrganicPeroxide"
"organic-peroxide-150-0-e.jpg",2713.5584415584417,1507.3246753246754,4310.649350649351,3104.4155844155844,"OrganicPeroxide"
"organic-peroxide-150-30-a.jpg",2047.7922077922078,1021.0909090909091,3154.909090909091,2404.987012987013,"OrganicPeroxide"
"organic-peroxide-150-30-b.jpg",1176.3116883116884,489.97402597402595,2309.6103896103896,1862.6493506493507,"OrganicPeroxide"
"organic-peroxide-150-30-c.jpg",2870.6493506493507,542.3376623376623,4067.5324675324673,1941.1948051948052,"OrganicPeroxide"
"organic-peroxide-150-30-d.jpg",1228.6753246753246,1671.8961038961038,2361.9740259740256,3018.3896103896104,"OrganicPeroxide"
"organic-peroxide-150-30-e.jpg",2893.090909090909,1675.6363636363635,4052.5714285714284,3059.5324675324673,"OrganicPeroxide"
"organic-peroxide-150-45-a.jpg",2141.2987012987014,1163.2207792207791,3024,2386.285714285714,"OrganicPeroxide"
"organic-peroxide-150-45-b.jpg",1322.1818181818182,613.4025974025974,2189.9220779220777,1855.168831168831,"OrganicPeroxide"
"organic-peroxide-150-45-c.jpg",3031.4805194805194,561.038961038961,3936.6233766233763,1791.5844155844156,"OrganicPeroxide"
"organic-peroxide-150-45-d.jpg",1344.6233766233765,1731.7402597402597,2227.3246753246754,2951.064935064935,"OrganicPeroxide"
"organic-peroxide-150-45-e.jpg",3012.779220779221,1664.4155844155844,3888,2894.961038961039,"OrganicPeroxide"
"organic-peroxide-150-negative-30-a.jpg",1954.2857142857142,1039.7922077922078,3233.454545454545,2449.87012987013,"OrganicPeroxide"
"organic-peroxide-150-negative-30-b.jpg",1097.7662337662337,482.49350649350646,2347.0129870129867,1929.9740259740258,"OrganicPeroxide"
"organic-peroxide-150-negative-30-c.jpg",2717.2987012987014,557.2987012987013,3966.545454545455,2012.2597402597403,"OrganicPeroxide"
"organic-peroxide-150-negative-30-d.jpg",1011.7402597402597,1526.025974025974,2242.285714285714,2962.285714285714,"OrganicPeroxide"
"organic-peroxide-150-negative-30-e.jpg",2754.7012987012986,1567.168831168831,3955.324675324675,3003.4285714285716,"OrganicPeroxide"
"organic-peroxide-150-negative-45-a.jpg",1954.2857142857142,991.1688311688312,3009.038961038961,2464.8311688311687,"OrganicPeroxide"
"organic-peroxide-150-negative-45-b.jpg",1191.2727272727273,392.7272727272727,2257.2467532467535,1885.090909090909,"OrganicPeroxide"
"organic-peroxide-150-negative-45-c.jpg",2896.8311688311687,493.7142857142857,3906.7012987012986,2001.0389610389611,"OrganicPeroxide"
"organic-peroxide-150-negative-45-d.jpg",1165.090909090909,1533.5064935064934,2231.064935064935,3014.6493506493507,"OrganicPeroxide"
"organic-peroxide-150-negative-45-e.jpg",2807.064935064935,1484.8831168831168,3850.597402597403,2973.5064935064934,"OrganicPeroxide"
"organic-peroxide-sunlight-150-0-a.jpg",1860.7792207792206,1084.6753246753246,3169.87012987013,2356.363636363636,"OrganicPeroxide"
"organic-peroxide-sunlight-150-0-b.jpg",1131.4285714285713,572.2597402597403,2418.0779220779223,1821.5064935064936,"OrganicPeroxide"
"organic-peroxide-sunlight-150-0-c.jpg",2799.5844155844156,486.23376623376623,4082.4935064935066,1750.4415584415583,"OrganicPeroxide"
"organic-peroxide-sunlight-150-0-d.jpg",1123.948051948052,1645.7142857142858,2373.194805194805,2891.220779220779,"OrganicPeroxide"
"organic-peroxide-sunlight-150-0-e.jpg",2769.6623376623374,1757.922077922078,4030.12987012987,3014.6493506493507,"OrganicPeroxide"
"organic-peroxide-sunlight-150-30-a.jpg",1913.142857142857,1013.6103896103896,3214.7532467532465,2419.948051948052,"OrganicPeroxide"
"organic-peroxide-sunlight-150-30-b.jpg",1079.064935064935,527.3766233766233,2391.896103896104,1929.974025974026,"OrganicPeroxide"
"organic-peroxide-sunlight-150-30-c.jpg",1146.3896103896104,1645.7142857142858,2459.220779220779,3040.8311688311687,"OrganicPeroxide"
"organic-peroxide-sunlight-150-30-d.jpg",2754.7012987012986,512.4155844155844,4075.0129870129867,1892.5714285714284,"OrganicPeroxide"
"organic-peroxide-sunlight-150-30-e.jpg",2807.064935064935,1623.2727272727273,4142.337662337663,2988.4675324675327,"OrganicPeroxide"
"organic-peroxide-sunlight-150-45-a.jpg",2088.935064935065,916.3636363636364,3143.688311688312,2337.6623376623374,"OrganicPeroxide"
"organic-peroxide-sunlight-150-45-b.jpg",1239.8961038961038,359.06493506493507,2313.3506493506493,1776.6233766233765,"OrganicPeroxide"
"organic-peroxide-sunlight-150-45-c.jpg",2825.7662337662337,445.09090909090907,3873.038961038961,1847.6883116883116,"OrganicPeroxide"
"organic-peroxide-sunlight-150-45-d.jpg",1288.5194805194806,1623.2727272727273,2313.3506493506493,2999.688311688312,"OrganicPeroxide"
"organic-peroxide-sunlight-150-45-e.jpg",2930.4935064935066,1608.3116883116884,4011.4285714285716,2984.727272727273,"OrganicPeroxide"
"organic-peroxide-sunlight-150-negative-30-a.jpg",1935.5844155844156,1021.0909090909091,3124.9870129870133,2352.6233766233768,"OrganicPeroxide"
"organic-peroxide-sunlight-150-negative-30-b.jpg",1127.6883116883116,489.97402597402595,2317.090909090909,1799.064935064935,"OrganicPeroxide"
"organic-peroxide-sunlight-150-negative-30-c.jpg",2814.5454545454545,445.09090909090907,4011.4285714285716,1814.025974025974,"OrganicPeroxide"
"organic-peroxide-sunlight-150-negative-30-d.jpg",1157.6103896103896,1578.3896103896104,2328.311688311688,2984.727272727273,"OrganicPeroxide"
"organic-peroxide-sunlight-150-negative-30-e.jpg",2818.285714285714,1630.7532467532467,3966.5454545454545,2977.246753246753,"OrganicPeroxide"
"organic-peroxide-sunlight-150-negative-45-a.jpg",2103.896103896104,1080.935064935065,3005.2987012987014,2330.181818181818,"OrganicPeroxide"
"organic-peroxide-sunlight-150-negative-45-b.jpg",1202.4935064935064,519.8961038961039,2073.9740259740256,1810.2857142857142,"OrganicPeroxide"
"organic-peroxide-sunlight-150-negative-45-c.jpg",2930.4935064935066,422.64935064935065,3813.194805194805,1716.7792207792209,"OrganicPeroxide"
"organic-peroxide-sunlight-150-negative-45-d.jpg",1273.5584415584415,1675.6363636363635,2156.2597402597403,2943.584415584415,"OrganicPeroxide"
"organic-peroxide-sunlight-150-negative-45-e.jpg",2967.896103896104,1597.090909090909,3858.077922077922,2906.181818181818,"OrganicPeroxide"
"organic-peroxide-wood-150-0-a.jpg",1883.2207792207791,1051.012987012987,3199.7922077922076,2371.3246753246754,"OrganicPeroxide"
"organic-peroxide-wood-150-0-b.jpg",1045.4025974025974,508.67532467532465,2361.9740259740256,1799.064935064935,"OrganicPeroxide"
"organic-peroxide-wood-150-0-c.jpg",2803.3246753246754,448.83116883116884,4082.493506493506,1720.5194805194806,"OrganicPeroxide"
"organic-peroxide-wood-150-0-d.jpg",1094.025974025974,1600.8311688311687,2376.935064935065,2932.363636363636,"OrganicPeroxide"
"organic-peroxide-wood-150-0-e.jpg",2747.220779220779,1481.142857142857,4138.597402597403,2820.155844155844,"OrganicPeroxide"
"organic-peroxide-wood-150-30-a.jpg",2070.2337662337663,1114.5974025974026,3061.4025974025976,2270.3376623376626,"OrganicPeroxide"
"organic-peroxide-wood-150-30-b.jpg",1236.155844155844,643.3246753246754,2234.805194805195,1787.844155844156,"OrganicPeroxide"
"organic-peroxide-wood-150-30-c.jpg",2676.155844155844,676.9870129870129,3783.272727272727,1885.090909090909,"OrganicPeroxide"
"organic-peroxide-wood-150-30-d.jpg",925.7142857142857,1578.3896103896104,2025.3506493506493,2786.493506493506,"OrganicPeroxide"
"organic-peroxide-wood-150-30-e.jpg",2904.311688311688,1604.5714285714284,4045.090909090909,2816.4155844155844,"OrganicPeroxide"
"organic-peroxide-wood-150-45-a.jpg",2193.6623376623374,1002.3896103896103,3229.7142857142853,2390.025974025974,"OrganicPeroxide"
"organic-peroxide-wood-150-45-b.jpg",1247.3766233766235,475.012987012987,2298.3896103896104,1836.4675324675325,"OrganicPeroxide"
"organic-peroxide-wood-150-45-c.jpg",2881.87012987013,433.87012987012986,3962.805194805195,1832.7272727272727,"OrganicPeroxide"
"organic-peroxide-wood-150-45-d.jpg",1333.4025974025974,1653.1948051948052,2376.935064935065,3025.87012987013,"OrganicPeroxide"
"organic-peroxide-wood-150-45-e.jpg",2923.0129870129867,1555.948051948052,4026.3896103896104,2932.363636363636,"OrganicPeroxide"
"organic-peroxide-wood-150-negative-30-a.jpg",1976.7272727272727,1118.3376623376623,3196.051948051948,2386.285714285714,"OrganicPeroxide"
"organic-peroxide-wood-150-negative-30-b.jpg",1049.142857142857,519.8961038961039,2189.9220779220777,1802.8051948051948,"OrganicPeroxide"
"organic-peroxide-wood-150-negative-30-c.jpg",2717.2987012987014,617.1428571428571,3869.2987012987014,1896.3116883116882,"OrganicPeroxide"
"organic-peroxide-wood-150-negative-30-d.jpg",1157.6103896103896,1593.3506493506493,2320.8311688311687,2853.818181818182,"OrganicPeroxide"
"organic-peroxide-wood-150-negative-30-e.jpg",2859.4285714285716,1701.8181818181818,4030.12987012987,2988.4675324675327,"OrganicPeroxide"
"organic-peroxide-wood-150-negative-45-a.jpg",1935.5844155844156,1032.3116883116884,3068.8831168831166,2449.87012987013,"OrganicPeroxide"
"organic-peroxide-wood-150-negative-45-b.jpg",1011.7402597402597,284.2597402597402,2197.402597402597,1746.7012987012986,"OrganicPeroxide"
"organic-peroxide-wood-150-negative-45-c.jpg",2829.5064935064934,381.5064935064935,4011.4285714285716,1873.8701298701299,"OrganicPeroxide"
"organic-peroxide-wood-150-negative-45-d.jpg",1168.8311688311687,1548.4675324675325,2332.051948051948,3010.909090909091,"OrganicPeroxide"
"organic-peroxide-wood-150-negative-45-e.jpg",2866.909090909091,1597.090909090909,4022.6493506493507,3033.3506493506493,"OrganicPeroxide"
"oxidizer-150-0-a.jpg",1838.3376623376623,901.4025974025974,3398.025974025974,2494.7532467532465,"Oxidizer"
"oxidizer-150-0-b.jpg",925.7142857142857,370.2857142857143,2489.142857142857,1956.155844155844,"Oxidizer"
"oxidizer-150-0-c.jpg",2635.0129870129867,325.4025974025974,4202.181818181818,1911.2727272727273,"Oxidizer"
"oxidizer-150-0-d.jpg",996.7792207792207,1526.025974025974,2537.7662337662337,3111.896103896104,"Oxidizer"
"oxidizer-150-0-e.jpg",2638.753246753247,1301.6103896103896,4239.584415584415,2947.3246753246754,"Oxidizer"
"oxidizer-150-30-a.jpg",1999.168831168831,1017.3506493506493,3136.207792207792,2453.6103896103896,"Oxidizer"
"oxidizer-150-30-b.jpg",1213.7142857142858,370.2857142857143,2339.5324675324673,1791.5844155844154,"Oxidizer"
"oxidizer-150-30-c.jpg",2822.025974025974,411.42857142857144,3966.5454545454545,1836.4675324675322,"Oxidizer"
"oxidizer-150-30-d.jpg",1191.2727272727273,1593.3506493506493,2298.3896103896104,3022.12987012987,"Oxidizer"
"oxidizer-150-30-e.jpg",2859.4285714285716,1529.7662337662337,3996.4675324675327,2958.5454545454545,"Oxidizer"
"oxidizer-150-45-a.jpg",2197.402597402597,1196.8831168831168,3031.4805194805194,2476.051948051948,"Oxidizer"
"oxidizer-150-45-b.jpg",1333.4025974025974,553.5584415584416,2160,1817.7662337662337,"Oxidizer"
"oxidizer-150-45-c.jpg",2990.337662337662,561.038961038961,3831.896103896104,1806.5454545454545,"Oxidizer"
"oxidizer-150-45-d.jpg",1277.2987012987012,1649.4545454545455,2073.9740259740256,2891.220779220779,"Oxidizer"
"oxidizer-150-45-e.jpg",3027.7402597402597,1656.935064935065,3861.818181818182,2883.7402597402597,"Oxidizer"
"oxidizer-150-negative-30-a.jpg",1939.3246753246754,1021.0909090909091,3199.7922077922076,2446.12987012987,"Oxidizer"
"oxidizer-150-negative-30-b.jpg",1079.064935064935,441.35064935064935,2369.4545454545455,1858.9090909090908,"Oxidizer"
"oxidizer-150-negative-30-c.jpg",2750.961038961039,501.19480519480516,4018.909090909091,1967.3766233766235,"Oxidizer"
"oxidizer-150-negative-30-d.jpg",1071.5844155844156,1552.2077922077922,2328.311688311688,2980.9870129870133,"Oxidizer"
"oxidizer-150-negative-30-e.jpg",2889.3506493506493,1567.168831168831,4161.038961038961,3018.3896103896104,"Oxidizer"
"oxidizer-150-negative-45-a.jpg",2021.6103896103896,946.2857142857142,3173.6103896103896,2509.7142857142853,"Oxidizer"
"oxidizer-150-negative-45-b.jpg",1086.5454545454545,411.42857142857144,2264.727272727273,2004.7792207792209,"Oxidizer"
"oxidizer-150-negative-45-c.jpg",2844.4675324675322,403.94805194805195,3996.4675324675322,2008.5194805194803,"Oxidizer"
"oxidizer-150-negative-45-d.jpg",1123.948051948052,1428.7792207792209,2309.6103896103896,3018.3896103896104,"Oxidizer"
"oxidizer-150-negative-45-e.jpg",2859.4285714285716,1406.3376623376623,4007.688311688312,2984.727272727273,"Oxidizer"
"oxidizer-sunlight-150-0-a.jpg",2025.3506493506493,1095.8961038961038,3225.9740259740256,2277.818181818182,"Oxidizer"
"oxidizer-sunlight-150-0-b.jpg",1146.3896103896104,527.3766233766233,2339.5324675324673,1724.2597402597403,"Oxidizer"
"oxidizer-sunlight-150-0-c.jpg",2747.220779220779,542.3376623376623,3921.6623376623374,1739.2207792207791,"Oxidizer"
"oxidizer-sunlight-150-0-d.jpg",1123.948051948052,1795.3246753246754,2313.3506493506493,2980.9870129870133,"Oxidizer"
"oxidizer-sunlight-150-0-e.jpg",2874.3896103896104,1754.1818181818182,4048.8311688311687,2954.805194805195,"Oxidizer"
"oxidizer-sunlight-150-30-a.jpg",1901.922077922078,931.3246753246754,3095.064935064935,2352.6233766233763,"Oxidizer"
"oxidizer-sunlight-150-30-b.jpg",1187.5324675324675,385.24675324675326,2354.493506493506,1806.5454545454545,"Oxidizer"
"oxidizer-sunlight-150-30-c.jpg",2795.844155844156,538.5974025974026,3970.2857142857147,1948.6753246753246,"Oxidizer"
"oxidizer-sunlight-150-30-d.jpg",1161.3506493506493,1634.4935064935064,2365.7142857142853,3063.272727272727,"Oxidizer"
"oxidizer-sunlight-150-30-e.jpg",2833.246753246753,1641.9740259740258,4033.87012987013,3052.051948051948,"Oxidizer"
"oxidizer-sunlight-150-45-a.jpg",2096.4155844155844,991.1688311688312,3087.5844155844156,2461.090909090909,"Oxidizer"
"oxidizer-sunlight-150-45-b.jpg",1348.3636363636363,377.76623376623377,2313.3506493506493,1828.9870129870128,"Oxidizer"
"oxidizer-sunlight-150-45-c.jpg",2934.2337662337663,377.76623376623377,3966.545454545455,1821.5064935064934,"Oxidizer"
"oxidizer-sunlight-150-45-d.jpg",1266.077922077922,1537.2467532467533,2283.4285714285716,2992.2077922077924,"Oxidizer"
"oxidizer-sunlight-150-45-e.jpg",2859.4285714285716,1567.168831168831,3977.766233766234,3081.9740259740256,"Oxidizer"
"oxidizer-sunlight-150-negative-30-a.jpg",1898.1818181818182,1133.2987012987012,3154.909090909091,2505.9740259740256,"Oxidizer"
"oxidizer-sunlight-150-negative-30-b.jpg",1108.987012987013,329.1428571428571,2369.4545454545455,1728,"Oxidizer"
"oxidizer-sunlight-150-negative-30-c.jpg",2840.7272727272725,504.93506493506493,4123.636363636364,1911.2727272727273,"Oxidizer"
"oxidizer-sunlight-150-negative-30-d.jpg",1052.8831168831168,1701.8181818181818,2294.6493506493507,3067.0129870129867,"Oxidizer"
"oxidizer-sunlight-150-negative-30-e.jpg",2754.7012987012986,1604.5714285714284,4000.207792207792,2995.948051948052,"Oxidizer"
"oxidizer-sunlight-150-negative-45-a.jpg",2088.935064935065,1099.6363636363635,3012.779220779221,2393.7662337662337,"Oxidizer"
"oxidizer-sunlight-150-negative-45-b.jpg",1232.4155844155844,497.45454545454544,2171.220779220779,1787.844155844156,"Oxidizer"
"oxidizer-sunlight-150-negative-45-c.jpg",2844.4675324675322,624.6233766233767,3772.051948051948,1918.753246753247,"Oxidizer"
"oxidizer-sunlight-150-negative-45-d.jpg",1322.1818181818182,1488.6233766233765,2275.948051948052,2808.935064935065,"Oxidizer"
"oxidizer-sunlight-150-negative-45-e.jpg",2952.935064935065,1526.025974025974,3936.6233766233763,2932.363636363636,"Oxidizer"
"oxidizer-wood-150-0-a.jpg",1939.3246753246754,1009.8701298701299,3225.974025974026,2356.363636363636,"Oxidizer"
"oxidizer-wood-150-0-b.jpg",1086.5454545454545,475.012987012987,2380.6753246753246,1832.7272727272727,"Oxidizer"
"oxidizer-wood-150-0-c.jpg",2784.6233766233768,561.038961038961,4075.012987012987,1888.8311688311687,"Oxidizer"
"oxidizer-wood-150-0-d.jpg",1161.3506493506493,1451.2207792207791,2436.779220779221,2793.9740259740256,"Oxidizer"
"oxidizer-wood-150-0-e.jpg",2881.87012987013,1604.5714285714284,4183.480519480519,2954.8051948051943,"Oxidizer"
"oxidizer-wood-150-30-a.jpg",2036.5714285714284,1129.5584415584415,3068.8831168831166,2345.142857142857,"Oxidizer"
"oxidizer-wood-150-30-b.jpg",1183.7922077922078,613.4025974025974,2227.3246753246754,1828.987012987013,"Oxidizer"
"oxidizer-wood-150-30-c.jpg",2889.3506493506493,433.87012987012986,4007.688311688312,1709.2987012987012,"Oxidizer"
"oxidizer-wood-150-30-d.jpg",1254.857142857143,1615.7922077922078,2433.038961038961,2883.7402597402597,"Oxidizer"
"oxidizer-wood-150-30-e.jpg",2810.805194805195,1526.025974025974,3988.9870129870133,2838.8571428571427,"Oxidizer"
"oxidizer-wood-150-45-a.jpg",2073.974025974026,1058.4935064935064,3031.4805194805194,2468.5714285714284,"Oxidizer"
"oxidizer-wood-150-45-b.jpg",1281.038961038961,516.1558441558442,2234.805194805195,1896.3116883116882,"Oxidizer"
"oxidizer-wood-150-45-c.jpg",2930.4935064935066,463.79220779220776,3929.1428571428573,1870.1298701298701,"Oxidizer"
"oxidizer-wood-150-45-d.jpg",1120.2077922077922,1593.3506493506493,2088.935064935065,2984.727272727273,"Oxidizer"
"oxidizer-wood-150-45-e.jpg",2889.3506493506493,1406.3376623376623,3884.2597402597403,2838.857142857143,"Oxidizer"
"oxidizer-wood-150-negative-30-a.jpg",2010.3896103896104,1084.6753246753246,3199.7922077922076,2408.727272727273,"Oxidizer"
"oxidizer-wood-150-negative-30-b.jpg",1213.7142857142858,553.5584415584416,2395.636363636364,1866.3896103896104,"Oxidizer"
"oxidizer-wood-150-negative-30-c.jpg",2818.285714285714,471.27272727272725,4045.090909090909,1802.8051948051948,"Oxidizer"
"oxidizer-wood-150-negative-30-d.jpg",1052.8831168831168,1383.8961038961038,2290.909090909091,2749.090909090909,"Oxidizer"
"oxidizer-wood-150-negative-30-e.jpg",2870.6493506493507,1466.1818181818182,4056.311688311688,2793.974025974026,"Oxidizer"
"oxidizer-wood-150-negative-45-a.jpg",1898.1818181818182,893.9220779220778,3147.4285714285716,2404.987012987013,"Oxidizer"
"oxidizer-wood-150-negative-45-b.jpg",1097.7662337662337,448.83116883116884,2335.7922077922076,1933.7142857142858,"Oxidizer"
"oxidizer-wood-150-negative-45-c.jpg",2777.142857142857,482.49350649350646,4011.428571428571,1959.8961038961038,"Oxidizer"
"oxidizer-wood-150-negative-45-d.jpg",1004.2597402597403,1514.8051948051948,2253.506493506494,2988.4675324675327,"Oxidizer"
"oxidizer-wood-150-negative-45-e.jpg",2702.337662337662,1413.8181818181818,3962.8051948051943,2887.4805194805194,"Oxidizer"
"radioactive-150-0-a.jpg",1789.7142857142858,837.8181818181818,3454.12987012987,2535.896103896104,"RadioActive"
"radioactive-150-0-b.jpg",959.3766233766233,351.5844155844156,2601.3506493506493,2049.6623376623374,"RadioActive"
"radioactive-150-0-c.jpg",2638.753246753247,377.76623376623377,4273.2467532467535,2053.402597402597,"RadioActive"
"radioactive-150-0-d.jpg",899.5324675324675,1462.4415584415583,2541.5064935064934,3111.896103896104,"RadioActive"
"radioactive-150-0-e.jpg",2605.090909090909,1484.8831168831168,4247.064935064935,3160.5194805194806,"RadioActive"
"radioactive-150-30-a.jpg",2002.9090909090908,998.6493506493506,3207.272727272727,2461.090909090909,"RadioActive"
"radioactive-150-30-b.jpg",1232.4155844155844,437.6103896103896,2369.454545454545,1873.8701298701299,"RadioActive"
"radioactive-150-30-c.jpg",2792.103896103896,549.8181818181818,3988.9870129870133,2001.038961038961,"RadioActive"
"radioactive-150-30-d.jpg",1150.1298701298701,1526.025974025974,2320.8311688311687,2958.5454545454545,"RadioActive"
"radioactive-150-30-e.jpg",2908.051948051948,1589.6103896103896,4123.636363636364,3063.272727272727,"RadioActive"
"radioactive-150-45-a.jpg",2163.7402597402597,991.1688311688312,3068.8831168831166,2281.5584415584417,"RadioActive"
"radioactive-150-45-b.jpg",1266.077922077922,460.05194805194805,2156.2597402597403,1765.4025974025974,"RadioActive"
"radioactive-150-45-c.jpg",3005.2987012987014,628.3636363636364,3932.883116883117,1941.1948051948052,"RadioActive"
"radioactive-150-45-d.jpg",1333.4025974025974,1604.5714285714284,2204.8831168831166,2906.181818181818,"RadioActive"
"radioactive-150-45-e.jpg",3020.2597402597403,1630.7532467532467,3910.4415584415583,2909.9220779220777,"RadioActive"
"radioactive-150-negative-30-a.jpg",1958.025974025974,1065.974025974026,3214.7532467532465,2472.311688311688,"RadioActive"
"radioactive-150-negative-30-b.jpg",1094.025974025974,370.2857142857143,2320.8311688311687,1814.025974025974,"RadioActive"
"radioactive-150-negative-30-c.jpg",2874.3896103896104,456.31168831168833,4101.194805194806,1907.5324675324675,"RadioActive"
"radioactive-150-negative-30-d.jpg",1131.4285714285713,1540.987012987013,2332.051948051948,2992.2077922077924,"RadioActive"
"radioactive-150-negative-30-e.jpg",2792.103896103896,1559.6883116883116,3988.9870129870133,2988.4675324675327,"RadioActive"
"radioactive-150-negative-45-a.jpg",2006.6493506493507,1009.8701298701299,3128.727272727273,2565.818181818182,"RadioActive"
"radioactive-150-negative-45-b.jpg",1146.3896103896104,403.94805194805195,2279.688311688312,1974.8571428571427,"RadioActive"
"radioactive-150-negative-45-c.jpg",2829.5064935064934,441.35064935064935,3914.181818181818,2042.181818181818,"RadioActive"
"radioactive-150-negative-45-d.jpg",1165.090909090909,1529.7662337662337,2272.2077922077924,3059.5324675324673,"RadioActive"
"radioactive-150-negative-45-e.jpg",2919.272727272727,1492.3636363636363,3996.4675324675322,3033.3506493506493,"RadioActive"
"radioactive-sunlight-150-0-a.jpg",1972.987012987013,1129.5584415584415,3211.0129870129867,2386.285714285714,"RadioActive"
"radioactive-sunlight-150-0-b.jpg",1157.6103896103896,482.49350649350646,2369.4545454545455,1754.181818181818,"RadioActive"
"radioactive-sunlight-150-0-c.jpg",2765.9220779220777,579.7402597402597,4000.207792207792,1821.5064935064934,"RadioActive"
"radioactive-sunlight-150-0-d.jpg",1138.909090909091,1705.5584415584415,2350.753246753247,2939.8441558441555,"RadioActive"
"radioactive-sunlight-150-0-e.jpg",2822.025974025974,1645.7142857142858,4086.233766233766,2891.220779220779,"RadioActive"
"radioactive-sunlight-150-30-a.jpg",1943.064935064935,961.2467532467532,3158.6493506493507,2371.3246753246754,"RadioActive"
"radioactive-sunlight-150-30-b.jpg",1123.948051948052,403.94805194805195,2350.7532467532465,1840.2077922077922,"RadioActive"
"radioactive-sunlight-150-30-c.jpg",2706.077922077922,448.83116883116884,3955.324675324675,1855.1688311688313,"RadioActive"
"radioactive-sunlight-150-30-d.jpg",993.038961038961,1529.7662337662337,2246.025974025974,2951.0649350649346,"RadioActive"
"radioactive-sunlight-150-30-e.jpg",2784.6233766233768,1627.012987012987,4026.3896103896104,3067.0129870129867,"RadioActive"
"radioactive-sunlight-150-45-a.jpg",2036.5714285714284,1017.3506493506493,3091.324675324675,2547.116883116883,"RadioActive"
"radioactive-sunlight-150-45-b.jpg",1131.4285714285713,314.1818181818182,2152.5194805194806,1784.1038961038962,"RadioActive"
"radioactive-sunlight-150-45-c.jpg",2949.194805194805,344.1038961038961,4003.948051948052,1843.9480519480521,"RadioActive"
"radioactive-sunlight-150-45-d.jpg",1228.6753246753246,1537.2467532467533,2260.9870129870133,3018.3896103896104,"RadioActive"
"radioactive-sunlight-150-45-e.jpg",2881.87012987013,1473.6623376623377,3936.6233766233763,2984.727272727273,"RadioActive"
"radioactive-sunlight-150-negative-30-a.jpg",1943.064935064935,1047.2727272727273,3225.974025974026,2434.909090909091,"RadioActive"
"radioactive-sunlight-150-negative-30-b.jpg",1195.012987012987,516.1558441558442,2421.818181818182,1885.090909090909,"RadioActive"
"radioactive-sunlight-150-negative-30-c.jpg",2818.285714285714,475.012987012987,4030.12987012987,1836.4675324675325,"RadioActive"
"radioactive-sunlight-150-negative-30-d.jpg",1064.103896103896,1671.8961038961038,2350.7532467532465,3078.233766233766,"RadioActive"
"radioactive-sunlight-150-negative-30-e.jpg",2762.181818181818,1582.1298701298701,4078.7532467532465,3033.3506493506493,"RadioActive"
"radioactive-sunlight-150-negative-45-a.jpg",2174.961038961039,1211.844155844156,3151.1688311688313,2509.714285714286,"RadioActive"
"radioactive-sunlight-150-negative-45-b.jpg",1310.9610389610389,594.7012987012987,2309.6103896103896,1900.0519480519479,"RadioActive"
"radioactive-sunlight-150-negative-45-c.jpg",2937.974025974026,557.2987012987013,3932.883116883117,1840.2077922077924,"RadioActive"
"radioactive-sunlight-150-negative-45-d.jpg",1284.7792207792209,1604.5714285714284,2260.9870129870133,2861.2987012987014,"RadioActive"
"radioactive-sunlight-150-negative-45-e.jpg",2941.714285714286,1724.2597402597403,3873.038961038961,2992.2077922077924,"RadioActive"
"radioactive-wood-150-0-a.jpg",1920.6233766233765,987.4285714285714,3184.8311688311687,2311.4805194805194,"RadioActive"
"radioactive-wood-150-0-b.jpg",1064.103896103896,594.7012987012987,2335.7922077922076,1903.7922077922076,"RadioActive"
"radioactive-wood-150-0-c.jpg",2807.064935064935,452.57142857142856,4112.415584415585,1780.3636363636365,"RadioActive"
"radioactive-wood-150-0-d.jpg",1037.922077922078,1353.9740259740258,2324.5714285714284,2666.8051948051943,"RadioActive"
"radioactive-wood-150-0-e.jpg",2702.337662337662,1286.6493506493507,4003.9480519480517,2614.4415584415583,"RadioActive"
"radioactive-wood-150-30-a.jpg",1920.6233766233765,987.4285714285714,3121.246753246753,2330.181818181818,"RadioActive"
"radioactive-wood-150-30-b.jpg",1112.7272727272727,355.3246753246753,2324.5714285714284,1713.0389610389611,"RadioActive"
"radioactive-wood-150-30-c.jpg",2702.337662337662,613.4025974025974,3914.181818181818,1963.6363636363635,"RadioActive"
"radioactive-wood-150-30-d.jpg",1049.142857142857,1466.1818181818182,2238.5454545454545,2805.194805194805,"RadioActive"
"radioactive-wood-150-30-e.jpg",2765.9220779220777,1537.2467532467533,4048.8311688311687,2928.6233766233768,"RadioActive"
"radioactive-wood-150-45-a.jpg",1737.3506493506493,957.5064935064935,3222.233766233766,2700.4675324675322,"RadioActive"
"radioactive-wood-150-45-b.jpg",1004.2597402597403,310.4415584415584,2395.636363636364,1997.2987012987014,"RadioActive"
"radioactive-wood-150-45-c.jpg",2664.935064935065,534.8571428571429,4052.5714285714284,2217.974025974026,"RadioActive"
"radioactive-wood-150-45-d.jpg",996.7792207792207,1410.077922077922,2410.5974025974024,3115.6363636363635,"RadioActive"
"radioactive-wood-150-45-e.jpg",2810.805194805195,1410.077922077922,4232.103896103896,3149.2987012987014,"RadioActive"
"radioactive-wood-150-negative-30-a.jpg",1905.6623376623377,1178.1818181818182,3095.064935064935,2431.1688311688313,"RadioActive"
"radioactive-wood-150-negative-30-b.jpg",1180.051948051948,534.8571428571429,2376.935064935065,1836.4675324675325,"RadioActive"
"radioactive-wood-150-negative-30-c.jpg",2919.272727272727,613.4025974025974,4134.857142857143,1896.3116883116884,"RadioActive"
"radioactive-wood-150-negative-30-d.jpg",1112.7272727272727,1720.5194805194806,2279.688311688312,2984.727272727273,"RadioActive"
"radioactive-wood-150-negative-30-e.jpg",2844.4675324675322,1600.8311688311687,4093.7142857142853,2880,"RadioActive"
"radioactive-wood-150-negative-45-a.jpg",1916.8831168831168,905.1428571428571,3154.909090909091,2404.9870129870133,"RadioActive"
"radioactive-wood-150-negative-45-b.jpg",1161.3506493506493,295.4805194805195,2410.597402597403,1776.6233766233765,"RadioActive"
"radioactive-wood-150-negative-45-c.jpg",2829.5064935064934,385.24675324675326,4060.051948051948,1877.6103896103896,"RadioActive"
"radioactive-wood-150-negative-45-d.jpg",1138.909090909091,1443.7402597402597,2421.818181818182,2947.3246753246754,"RadioActive"
"radioactive-wood-150-negative-45-e.jpg",2833.246753246753,1406.3376623376623,4078.7532467532465,2894.961038961039,"RadioActive"